name,city,is_activity,kind,lat,lon,price,rating,outdoor
Food_Bochum_0,Bochum,0,sample,51.47907,7.25063,0.0,4.7,0
Food_Bochum_1,Bochum,0,sample,51.47107,7.219,0.0,4.6,0
Food_Bochum_2,Bochum,0,sample,51.47497,7.22658,0.0,4.5,0
Activity_Bochum_3,Bochum,1,sample,51.48013,7.21338,0.0,4.5,1
Activity_Bochum_4,Bochum,1,sample,51.47674,7.20164,10.0,3.8,1
Activity_Bochum_5,Bochum,1,sample,51.48861,7.21042,10.0,4.2,0
Food_Dortmund_0,Dortmund,0,sample,51.53627,7.47279,0.0,3.9,0
Food_Dortmund_1,Dortmund,0,sample,51.50423,7.4875,10.0,4.2,0
Food_Dortmund_2,Dortmund,0,sample,51.50243,7.46671,10.0,4.3,0
Activity_Dortmund_3,Dortmund,1,sample,51.53449,7.43168,20.0,4.2,1
Activity_Dortmund_4,Dortmund,1,sample,51.50029,7.46778,20.0,4.3,1
Activity_Dortmund_5,Dortmund,1,sample,51.5314,7.45987,20.0,4.2,0
Food_Duisburg_0,Duisburg,0,sample,51.41562,6.79448,0.0,4.5,0
Food_Duisburg_1,Duisburg,0,sample,51.41736,6.79344,20.0,3.8,0
Food_Duisburg_2,Duisburg,0,sample,51.41296,6.79661,20.0,4.7,0
Activity_Duisburg_3,Duisburg,1,sample,51.42858,6.76174,20.0,3.6,0
Activity_Duisburg_4,Duisburg,1,sample,51.4385,6.79543,20.0,3.9,0
Activity_Duisburg_5,Duisburg,1,sample,51.4419,6.80312,0.0,3.8,1
Food_Essen_0,Essen,0,sample,51.46709,7.00966,10.0,3.6,0
Food_Essen_1,Essen,0,sample,51.45824,7.03945,10.0,4.6,0
Food_Essen_2,Essen,0,sample,51.46672,7.02392,0.0,4.5,0
Activity_Essen_3,Essen,1,sample,51.43977,7.03418,0.0,3.7,0
Activity_Essen_4,Essen,1,sample,51.43788,7.00681,20.0,4.4,1
Activity_Essen_5,Essen,1,sample,51.44715,6.98465,0.0,3.9,1
Food_Dusseldorf_0,Dusseldorf,0,sample,51.20434,6.80219,20.0,4.5,0
Food_Dusseldorf_1,Dusseldorf,0,sample,51.22625,6.79007,10.0,4.6,0
Food_Dusseldorf_2,Dusseldorf,0,sample,51.22539,6.81282,0.0,4.3,0
Activity_Dusseldorf_3,Dusseldorf,1,sample,51.20795,6.82397,10.0,3.9,1
Activity_Dusseldorf_4,Dusseldorf,1,sample,51.20303,6.77967,20.0,4.4,1
Activity_Dusseldorf_5,Dusseldorf,1,sample,51.21515,6.78946,20.0,4.4,1
Food_Cologne_0,Cologne,0,sample,50.94646,6.97928,20.0,4.0,0
Food_Cologne_1,Cologne,0,sample,50.94094,6.95096,20.0,3.7,0
Food_Cologne_2,Cologne,0,sample,50.93113,6.94593,0.0,4.0,0
Activity_Cologne_3,Cologne,1,sample,50.94607,6.9872,0.0,4.5,0
Activity_Cologne_4,Cologne,1,sample,50.95337,6.96472,10.0,4.4,0
Activity_Cologne_5,Cologne,1,sample,50.92608,6.95821,20.0,3.9,1
