choice_id,option,city,t_me,t_friend,t_max,t_diff,price,rating,friend_fit,is_activity,outdoor,rain_outdoor,is_open,chosen
1,Food_Bochum_0,Bochum,17,92,92,75,35.0,3.9,5,0,0,0,1,0
1,Activity_Dusseldorf_5,Dusseldorf,58,48,58,10,15.0,4.7,5,1,1,0,1,1
1,Food_Cologne_0,Cologne,88,13,88,75,8.0,4.3,2,0,0,0,1,0
1,Activity_Bochum_4,Bochum,23,98,98,75,25.0,4.6,3,1,1,0,0,0
2,Activity_Bochum_5,Bochum,22,97,97,75,15.0,3.6,5,1,0,0,1,0
2,Food_Essen_0,Essen,37,87,87,50,12.0,3.9,4,0,0,0,1,1
2,Activity_Cologne_3,Cologne,89,14,89,75,15.0,4.2,1,1,0,0,1,0
3,Food_Bochum_2,Bochum,21,96,96,75,8.0,4.7,3,0,0,0,0,0
3,Activity_Duisburg_4,Duisburg,42,67,67,25,25.0,4.3,4,1,1,1,1,0
3,Activity_Dusseldorf_4,Dusseldorf,52,42,52,10,40.0,4.4,2,1,0,0,1,1
3,Activity_Essen_3,Essen,24,74,74,50,15.0,4.7,4,1,1,1,1,0
4,Food_Essen_2,Essen,36,86,86,50,12.0,4.5,2,0,0,0,1,0
4,Food_Bochum_2,Bochum,21,96,96,75,8.0,4.7,5,0,0,0,0,1
5,Food_Dortmund_1,Dortmund,35,105,105,70,8.0,4.0,1,0,0,0,1,0
5,Food_Essen_2,Essen,36,86,86,50,12.0,4.5,5,0,0,0,1,1
5,Food_Bochum_0,Bochum,17,92,92,75,35.0,3.9,1,0,0,0,1,0
6,Food_Duisburg_0,Duisburg,48,73,73,25,35.0,4.1,3,0,0,0,1,1
6,Activity_Dortmund_3,Dortmund,27,97,97,70,0.0,4.4,2,1,0,0,1,0
7,Activity_Duisburg_3,Duisburg,44,69,69,25,15.0,4.7,3,1,0,0,1,1
7,Activity_Cologne_5,Cologne,98,23,98,75,80.0,3.7,5,1,0,0,1,0
7,Food_Bochum_2,Bochum,21,96,96,75,8.0,4.7,4,0,0,0,1,0
8,Food_Dortmund_0,Dortmund,28,98,98,70,35.0,4.6,5,0,0,0,1,0
8,Food_Dusseldorf_0,Dusseldorf,58,48,58,10,18.0,3.8,3,0,0,0,1,0
8,Food_Bochum_2,Bochum,21,96,96,75,8.0,4.7,5,0,0,0,1,1
8,Activity_Dortmund_4,Dortmund,37,107,107,70,10.0,4.1,1,1,0,0,1,0
9,Activity_Dusseldorf_5,Dusseldorf,58,48,58,10,15.0,4.7,1,1,1,1,1,0
9,Activity_Cologne_5,Cologne,98,23,98,75,80.0,3.7,2,1,0,0,0,0
9,Food_Cologne_0,Cologne,88,13,88,75,8.0,4.3,1,0,0,0,1,0
9,Food_Essen_2,Essen,36,86,86,50,12.0,4.5,4,0,0,0,1,1
10,Activity_Dortmund_5,Dortmund,44,114,114,70,60.0,4.4,4,1,0,0,0,0
10,Food_Dortmund_1,Dortmund,35,105,105,70,8.0,4.0,3,0,0,0,1,0
10,Activity_Essen_4,Essen,26,76,76,50,40.0,3.8,3,1,1,1,1,0
10,Food_Essen_2,Essen,36,86,86,50,12.0,4.5,4,0,0,0,1,1
11,Food_Cologne_2,Cologne,89,14,89,75,8.0,4.5,5,0,0,0,1,1
11,Activity_Duisburg_4,Duisburg,42,67,67,25,25.0,4.3,1,1,1,0,1,0
11,Food_Essen_2,Essen,36,86,86,50,12.0,4.5,1,0,0,0,1,0
11,Food_Dortmund_1,Dortmund,35,105,105,70,8.0,4.0,2,0,0,0,1,0
12,Activity_Duisburg_5,Duisburg,46,71,71,25,60.0,4.0,3,1,1,0,1,0
12,Activity_Cologne_4,Cologne,88,13,88,75,0.0,4.5,5,1,0,0,0,0
12,Activity_Dusseldorf_4,Dusseldorf,52,42,52,10,40.0,4.4,3,1,0,0,0,0
12,Food_Dusseldorf_0,Dusseldorf,58,48,58,10,18.0,3.8,4,0,0,0,1,1
13,Activity_Cologne_5,Cologne,98,23,98,75,80.0,3.7,5,1,0,0,1,0
13,Food_Cologne_1,Cologne,99,24,99,75,12.0,4.7,4,0,0,0,1,0
13,Activity_Duisburg_4,Duisburg,42,67,67,25,25.0,4.3,5,1,1,0,1,1
14,Activity_Dortmund_4,Dortmund,37,107,107,70,10.0,4.1,4,1,0,0,1,0
14,Food_Bochum_2,Bochum,21,96,96,75,8.0,4.7,4,0,0,0,1,0
14,Activity_Dusseldorf_3,Dusseldorf,53,43,53,10,80.0,4.7,3,1,1,0,1,1
14,Activity_Cologne_4,Cologne,88,13,88,75,0.0,4.5,1,1,0,0,1,0
15,Activity_Bochum_4,Bochum,23,98,98,75,25.0,4.6,1,1,1,0,1,1
15,Activity_Dortmund_4,Dortmund,37,107,107,70,10.0,4.1,5,1,0,0,0,0
16,Activity_Cologne_4,Cologne,88,13,88,75,0.0,4.5,2,1,0,0,1,0
16,Food_Cologne_2,Cologne,89,14,89,75,8.0,4.5,5,0,0,0,1,0
16,Activity_Duisburg_5,Duisburg,46,71,71,25,60.0,4.0,5,1,1,0,1,1
17,Food_Bochum_0,Bochum,17,92,92,75,35.0,3.9,3,0,0,0,1,1
17,Activity_Duisburg_3,Duisburg,44,69,69,25,15.0,4.7,2,1,0,0,1,0
18,Food_Bochum_1,Bochum,5,80,80,75,12.0,3.6,3,0,0,0,1,0
18,Food_Essen_1,Essen,32,82,82,50,25.0,3.7,2,0,0,0,0,0
18,Activity_Duisburg_5,Duisburg,46,71,71,25,60.0,4.0,5,1,1,0,1,0
18,Activity_Essen_3,Essen,24,74,74,50,15.0,4.7,4,1,1,0,1,1
19,Food_Dortmund_1,Dortmund,35,105,105,70,8.0,4.0,5,0,0,0,1,0
19,Food_Dusseldorf_0,Dusseldorf,58,48,58,10,18.0,3.8,4,0,0,0,1,1
19,Activity_Dortmund_4,Dortmund,37,107,107,70,10.0,4.1,5,1,0,0,1,0
19,Activity_Cologne_5,Cologne,98,23,98,75,80.0,3.7,5,1,0,0,1,0
20,Food_Essen_0,Essen,37,87,87,50,12.0,3.9,1,0,0,0,1,0
20,Food_Dortmund_0,Dortmund,28,98,98,70,35.0,4.6,1,0,0,0,1,0
20,Food_Duisburg_0,Duisburg,48,73,73,25,35.0,4.1,3,0,0,0,1,1
20,Activity_Dortmund_4,Dortmund,37,107,107,70,10.0,4.1,3,1,0,0,1,0
21,Food_Essen_2,Essen,36,86,86,50,12.0,4.5,5,0,0,0,0,1
21,Activity_Cologne_5,Cologne,98,23,98,75,80.0,3.7,2,1,0,0,1,0
21,Food_Dortmund_2,Dortmund,33,103,103,70,18.0,3.6,3,0,0,0,1,0
21,Activity_Bochum_4,Bochum,23,98,98,75,25.0,4.6,3,1,1,1,1,0
22,Food_Essen_1,Essen,32,82,82,50,25.0,3.7,1,0,0,0,1,0
22,Food_Cologne_0,Cologne,88,13,88,75,8.0,4.3,3,0,0,0,0,0
22,Activity_Dortmund_3,Dortmund,27,97,97,70,0.0,4.4,1,1,0,0,1,0
22,Activity_Duisburg_5,Duisburg,46,71,71,25,60.0,4.0,5,1,1,0,1,1
23,Food_Bochum_2,Bochum,21,96,96,75,8.0,4.7,2,0,0,0,1,1
23,Activity_Dortmund_4,Dortmund,37,107,107,70,10.0,4.1,5,1,0,0,1,0
24,Food_Cologne_0,Cologne,88,13,88,75,8.0,4.3,5,0,0,0,1,1
24,Food_Duisburg_2,Duisburg,45,70,70,25,35.0,4.0,4,0,0,0,1,0
25,Activity_Essen_5,Essen,35,85,85,50,80.0,3.9,1,1,1,0,1,0
25,Activity_Dusseldorf_4,Dusseldorf,52,42,52,10,40.0,4.4,5,1,0,0,1,1
25,Food_Cologne_2,Cologne,89,14,89,75,8.0,4.5,3,0,0,0,0,0
25,Food_Duisburg_1,Duisburg,37,62,62,25,35.0,4.5,1,0,0,0,1,0
26,Activity_Dusseldorf_5,Dusseldorf,58,48,58,10,15.0,4.7,1,1,1,1,1,0
26,Food_Duisburg_1,Duisburg,37,62,62,25,35.0,4.5,4,0,0,0,0,1
27,Activity_Dusseldorf_4,Dusseldorf,52,42,52,10,40.0,4.4,4,1,0,0,1,1
27,Activity_Cologne_5,Cologne,98,23,98,75,80.0,3.7,5,1,0,0,1,0
27,Activity_Dortmund_3,Dortmund,27,97,97,70,0.0,4.4,2,1,0,0,1,0
27,Food_Duisburg_2,Duisburg,45,70,70,25,35.0,4.0,1,0,0,0,1,0
28,Food_Duisburg_2,Duisburg,45,70,70,25,35.0,4.0,3,0,0,0,1,1
28,Activity_Bochum_5,Bochum,22,97,97,75,15.0,3.6,3,1,0,0,1,0
28,Activity_Essen_4,Essen,26,76,76,50,40.0,3.8,3,1,1,0,1,0
28,Food_Duisburg_0,Duisburg,48,73,73,25,35.0,4.1,1,0,0,0,0,0
29,Activity_Bochum_3,Bochum,17,92,92,75,25.0,4.5,3,1,0,0,1,1
29,Food_Cologne_0,Cologne,88,13,88,75,8.0,4.3,2,0,0,0,1,0
30,Food_Duisburg_1,Duisburg,37,62,62,25,35.0,4.5,3,0,0,0,1,1
30,Activity_Dortmund_3,Dortmund,27,97,97,70,0.0,4.4,5,1,0,0,1,0
31,Activity_Cologne_4,Cologne,88,13,88,75,0.0,4.5,4,1,0,0,1,0
31,Food_Dusseldorf_2,Dusseldorf,55,45,55,10,35.0,4.4,4,0,0,0,1,1
31,Food_Bochum_1,Bochum,5,80,80,75,12.0,3.6,1,0,0,0,1,0
32,Food_Dortmund_0,Dortmund,28,98,98,70,35.0,4.6,4,0,0,0,1,0
32,Food_Bochum_2,Bochum,21,96,96,75,8.0,4.7,4,0,0,0,1,1
32,Food_Bochum_1,Bochum,5,80,80,75,12.0,3.6,4,0,0,0,1,0
33,Food_Essen_2,Essen,36,86,86,50,12.0,4.5,3,0,0,0,1,1
33,Activity_Essen_4,Essen,26,76,76,50,40.0,3.8,2,1,1,1,1,0
33,Food_Cologne_1,Cologne,99,24,99,75,12.0,4.7,3,0,0,0,1,0
34,Food_Essen_2,Essen,36,86,86,50,12.0,4.5,1,0,0,0,1,1
34,Activity_Cologne_5,Cologne,98,23,98,75,80.0,3.7,3,1,0,0,1,0
34,Food_Duisburg_2,Duisburg,45,70,70,25,35.0,4.0,1,0,0,0,1,0
35,Food_Cologne_2,Cologne,89,14,89,75,8.0,4.5,5,0,0,0,0,0
35,Activity_Cologne_4,Cologne,88,13,88,75,0.0,4.5,1,1,0,0,1,1
36,Food_Dusseldorf_0,Dusseldorf,58,48,58,10,18.0,3.8,4,0,0,0,1,1
36,Food_Duisburg_2,Duisburg,45,70,70,25,35.0,4.0,5,0,0,0,1,0
36,Food_Cologne_2,Cologne,89,14,89,75,8.0,4.5,2,0,0,0,1,0
37,Food_Dortmund_1,Dortmund,35,105,105,70,8.0,4.0,4,0,0,0,1,0
37,Food_Dusseldorf_2,Dusseldorf,55,45,55,10,35.0,4.4,4,0,0,0,1,1
38,Food_Essen_2,Essen,36,86,86,50,12.0,4.5,3,0,0,0,1,1
38,Food_Dortmund_1,Dortmund,35,105,105,70,8.0,4.0,3,0,0,0,1,0
38,Food_Dortmund_2,Dortmund,33,103,103,70,18.0,3.6,2,0,0,0,1,0
39,Activity_Bochum_4,Bochum,23,98,98,75,25.0,4.6,3,1,1,1,1,0
39,Activity_Dortmund_3,Dortmund,27,97,97,70,0.0,4.4,3,1,0,0,1,1
39,Food_Dortmund_1,Dortmund,35,105,105,70,8.0,4.0,3,0,0,0,1,0
40,Food_Cologne_0,Cologne,88,13,88,75,8.0,4.3,3,0,0,0,1,0
40,Food_Essen_2,Essen,36,86,86,50,12.0,4.5,3,0,0,0,1,1
41,Food_Essen_0,Essen,37,87,87,50,12.0,3.9,2,0,0,0,1,0
41,Food_Cologne_0,Cologne,88,13,88,75,8.0,4.3,1,0,0,0,1,0
41,Food_Essen_2,Essen,36,86,86,50,12.0,4.5,3,0,0,0,1,1
41,Activity_Bochum_4,Bochum,23,98,98,75,25.0,4.6,2,1,1,1,1,0
42,Activity_Dusseldorf_3,Dusseldorf,53,43,53,10,80.0,4.7,3,1,1,0,1,1
42,Activity_Essen_5,Essen,35,85,85,50,80.0,3.9,3,1,1,0,1,0
42,Food_Essen_2,Essen,36,86,86,50,12.0,4.5,3,0,0,0,1,0
43,Food_Cologne_2,Cologne,89,14,89,75,8.0,4.5,3,0,0,0,1,0
43,Activity_Essen_3,Essen,24,74,74,50,15.0,4.7,3,1,1,0,1,1
44,Food_Bochum_0,Bochum,17,92,92,75,35.0,3.9,4,0,0,0,1,0
44,Food_Essen_2,Essen,36,86,86,50,12.0,4.5,2,0,0,0,1,1
44,Food_Duisburg_0,Duisburg,48,73,73,25,35.0,4.1,1,0,0,0,1,0
44,Food_Dusseldorf_1,Dusseldorf,51,41,51,10,35.0,4.3,4,0,0,0,1,0
45,Activity_Dusseldorf_5,Dusseldorf,58,48,58,10,15.0,4.7,2,1,1,0,1,0
45,Food_Duisburg_1,Duisburg,37,62,62,25,35.0,4.5,2,0,0,0,1,1
45,Activity_Cologne_4,Cologne,88,13,88,75,0.0,4.5,4,1,0,0,1,0
46,Activity_Bochum_5,Bochum,22,97,97,75,15.0,3.6,1,1,0,0,0,0
46,Food_Dortmund_2,Dortmund,33,103,103,70,18.0,3.6,2,0,0,0,1,0
46,Food_Duisburg_0,Duisburg,48,73,73,25,35.0,4.1,1,0,0,0,1,0
46,Food_Cologne_2,Cologne,89,14,89,75,8.0,4.5,4,0,0,0,1,1
47,Activity_Dusseldorf_4,Dusseldorf,52,42,52,10,40.0,4.4,5,1,0,0,1,1
47,Activity_Dusseldorf_5,Dusseldorf,58,48,58,10,15.0,4.7,4,1,1,1,1,0
47,Activity_Bochum_3,Bochum,17,92,92,75,25.0,4.5,5,1,0,0,1,0
47,Food_Duisburg_0,Duisburg,48,73,73,25,35.0,4.1,3,0,0,0,1,0
48,Food_Bochum_0,Bochum,17,92,92,75,35.0,3.9,3,0,0,0,1,0
48,Activity_Dusseldorf_5,Dusseldorf,58,48,58,10,15.0,4.7,5,1,1,1,1,1
48,Food_Bochum_2,Bochum,21,96,96,75,8.0,4.7,3,0,0,0,1,0
48,Food_Duisburg_2,Duisburg,45,70,70,25,35.0,4.0,2,0,0,0,1,0
49,Activity_Dusseldorf_4,Dusseldorf,52,42,52,10,40.0,4.4,3,1,0,0,1,0
49,Food_Cologne_2,Cologne,89,14,89,75,8.0,4.5,1,0,0,0,1,0
49,Activity_Cologne_4,Cologne,88,13,88,75,0.0,4.5,4,1,0,0,1,1
50,Activity_Duisburg_4,Duisburg,42,67,67,25,25.0,4.3,4,1,1,0,1,0
50,Activity_Bochum_5,Bochum,22,97,97,75,15.0,3.6,1,1,0,0,1,0
50,Activity_Duisburg_3,Duisburg,44,69,69,25,15.0,4.7,3,1,0,0,1,1
50,Activity_Duisburg_5,Duisburg,46,71,71,25,60.0,4.0,5,1,1,0,1,0
51,Activity_Dortmund_4,Dortmund,37,107,107,70,10.0,4.1,5,1,0,0,1,0
51,Food_Duisburg_2,Duisburg,45,70,70,25,35.0,4.0,5,0,0,0,1,1
51,Activity_Cologne_4,Cologne,88,13,88,75,0.0,4.5,2,1,0,0,0,0
52,Food_Essen_0,Essen,37,87,87,50,12.0,3.9,5,0,0,0,0,0
52,Activity_Bochum_3,Bochum,17,92,92,75,25.0,4.5,3,1,0,0,0,0
52,Food_Cologne_0,Cologne,88,13,88,75,8.0,4.3,4,0,0,0,1,0
52,Food_Dusseldorf_0,Dusseldorf,58,48,58,10,18.0,3.8,5,0,0,0,1,1
53,Food_Duisburg_1,Duisburg,37,62,62,25,35.0,4.5,5,0,0,0,1,1
53,Activity_Cologne_5,Cologne,98,23,98,75,80.0,3.7,1,1,0,0,1,0
53,Activity_Dusseldorf_3,Dusseldorf,53,43,53,10,80.0,4.7,4,1,1,1,1,0
54,Activity_Cologne_3,Cologne,89,14,89,75,15.0,4.2,4,1,0,0,1,0
54,Food_Duisburg_2,Duisburg,45,70,70,25,35.0,4.0,5,0,0,0,1,1
54,Food_Duisburg_1,Duisburg,37,62,62,25,35.0,4.5,4,0,0,0,0,0
54,Food_Dusseldorf_1,Dusseldorf,51,41,51,10,35.0,4.3,2,0,0,0,1,0
55,Activity_Dusseldorf_3,Dusseldorf,53,43,53,10,80.0,4.7,4,1,1,1,1,1
55,Food_Dortmund_2,Dortmund,33,103,103,70,18.0,3.6,3,0,0,0,1,0
56,Activity_Dusseldorf_4,Dusseldorf,52,42,52,10,40.0,4.4,5,1,0,0,0,1
56,Activity_Cologne_4,Cologne,88,13,88,75,0.0,4.5,2,1,0,0,1,0
56,Activity_Bochum_5,Bochum,22,97,97,75,15.0,3.6,5,1,0,0,1,0
56,Activity_Dortmund_5,Dortmund,44,114,114,70,60.0,4.4,4,1,0,0,1,0
57,Activity_Essen_3,Essen,24,74,74,50,15.0,4.7,2,1,1,0,1,1
57,Food_Dortmund_0,Dortmund,28,98,98,70,35.0,4.6,1,0,0,0,1,0
58,Activity_Duisburg_3,Duisburg,44,69,69,25,15.0,4.7,2,1,0,0,1,1
58,Activity_Cologne_3,Cologne,89,14,89,75,15.0,4.2,1,1,0,0,1,0
59,Activity_Duisburg_5,Duisburg,46,71,71,25,60.0,4.0,4,1,1,1,1,0
59,Activity_Cologne_3,Cologne,89,14,89,75,15.0,4.2,3,1,0,0,1,0
59,Food_Duisburg_1,Duisburg,37,62,62,25,35.0,4.5,2,0,0,0,0,0
59,Food_Duisburg_2,Duisburg,45,70,70,25,35.0,4.0,3,0,0,0,1,1
60,Food_Essen_0,Essen,37,87,87,50,12.0,3.9,2,0,0,0,1,0
60,Food_Dortmund_0,Dortmund,28,98,98,70,35.0,4.6,1,0,0,0,1,0
60,Food_Bochum_2,Bochum,21,96,96,75,8.0,4.7,1,0,0,0,1,1
61,Food_Cologne_0,Cologne,88,13,88,75,8.0,4.3,2,0,0,0,1,1
61,Food_Dortmund_0,Dortmund,28,98,98,70,35.0,4.6,3,0,0,0,1,0
61,Activity_Dortmund_5,Dortmund,44,114,114,70,60.0,4.4,3,1,0,0,1,0
61,Food_Bochum_2,Bochum,21,96,96,75,8.0,4.7,2,0,0,0,0,0
62,Activity_Dortmund_3,Dortmund,27,97,97,70,0.0,4.4,1,1,0,0,1,0
62,Food_Dortmund_2,Dortmund,33,103,103,70,18.0,3.6,1,0,0,0,1,0
62,Activity_Dusseldorf_3,Dusseldorf,53,43,53,10,80.0,4.7,5,1,1,0,1,1
63,Activity_Duisburg_3,Duisburg,44,69,69,25,15.0,4.7,5,1,0,0,1,1
63,Food_Duisburg_2,Duisburg,45,70,70,25,35.0,4.0,4,0,0,0,1,0
63,Food_Bochum_1,Bochum,5,80,80,75,12.0,3.6,5,0,0,0,1,0
63,Activity_Essen_5,Essen,35,85,85,50,80.0,3.9,2,1,1,1,1,0
64,Activity_Dortmund_3,Dortmund,27,97,97,70,0.0,4.4,4,1,0,0,1,0
64,Activity_Dortmund_5,Dortmund,44,114,114,70,60.0,4.4,3,1,0,0,1,0
64,Activity_Dusseldorf_5,Dusseldorf,58,48,58,10,15.0,4.7,5,1,1,1,1,1
64,Activity_Essen_3,Essen,24,74,74,50,15.0,4.7,3,1,1,1,1,0
65,Activity_Essen_5,Essen,35,85,85,50,80.0,3.9,5,1,1,1,1,0
65,Food_Dusseldorf_2,Dusseldorf,55,45,55,10,35.0,4.4,1,0,0,0,1,1
65,Food_Bochum_0,Bochum,17,92,92,75,35.0,3.9,2,0,0,0,1,0
65,Activity_Essen_4,Essen,26,76,76,50,40.0,3.8,5,1,1,1,1,0
66,Food_Duisburg_0,Duisburg,48,73,73,25,35.0,4.1,3,0,0,0,1,0
66,Activity_Dusseldorf_4,Dusseldorf,52,42,52,10,40.0,4.4,4,1,0,0,1,1
66,Food_Cologne_1,Cologne,99,24,99,75,12.0,4.7,2,0,0,0,1,0
67,Food_Essen_2,Essen,36,86,86,50,12.0,4.5,5,0,0,0,0,1
67,Food_Dortmund_2,Dortmund,33,103,103,70,18.0,3.6,3,0,0,0,1,0
68,Activity_Duisburg_3,Duisburg,44,69,69,25,15.0,4.7,5,1,0,0,1,1
68,Food_Essen_0,Essen,37,87,87,50,12.0,3.9,5,0,0,0,1,0
68,Food_Duisburg_1,Duisburg,37,62,62,25,35.0,4.5,3,0,0,0,1,0
69,Activity_Bochum_3,Bochum,17,92,92,75,25.0,4.5,1,1,0,0,1,0
69,Food_Dusseldorf_2,Dusseldorf,55,45,55,10,35.0,4.4,5,0,0,0,1,1
69,Food_Bochum_0,Bochum,17,92,92,75,35.0,3.9,1,0,0,0,1,0
70,Activity_Dusseldorf_4,Dusseldorf,52,42,52,10,40.0,4.4,5,1,0,0,1,1
70,Activity_Dortmund_3,Dortmund,27,97,97,70,0.0,4.4,3,1,0,0,1,0
71,Food_Dusseldorf_1,Dusseldorf,51,41,51,10,35.0,4.3,3,0,0,0,1,1
71,Activity_Bochum_5,Bochum,22,97,97,75,15.0,3.6,4,1,0,0,1,0
71,Activity_Dortmund_3,Dortmund,27,97,97,70,0.0,4.4,4,1,0,0,1,0
72,Food_Dusseldorf_1,Dusseldorf,51,41,51,10,35.0,4.3,4,0,0,0,1,0
72,Food_Dusseldorf_2,Dusseldorf,55,45,55,10,35.0,4.4,1,0,0,0,1,1
72,Food_Bochum_0,Bochum,17,92,92,75,35.0,3.9,4,0,0,0,0,0
73,Food_Dusseldorf_1,Dusseldorf,51,41,51,10,35.0,4.3,5,0,0,0,1,1
73,Activity_Cologne_3,Cologne,89,14,89,75,15.0,4.2,3,1,0,0,1,0
74,Activity_Essen_3,Essen,24,74,74,50,15.0,4.7,4,1,1,0,1,1
74,Activity_Essen_5,Essen,35,85,85,50,80.0,3.9,3,1,1,0,1,0
74,Activity_Essen_4,Essen,26,76,76,50,40.0,3.8,2,1,1,0,1,0
75,Activity_Dusseldorf_4,Dusseldorf,52,42,52,10,40.0,4.4,2,1,0,0,1,1
75,Food_Duisburg_2,Duisburg,45,70,70,25,35.0,4.0,4,0,0,0,1,0
75,Activity_Bochum_4,Bochum,23,98,98,75,25.0,4.6,1,1,1,0,1,0
75,Food_Cologne_0,Cologne,88,13,88,75,8.0,4.3,1,0,0,0,1,0
76,Activity_Bochum_3,Bochum,17,92,92,75,25.0,4.5,1,1,0,0,1,1
76,Food_Dusseldorf_0,Dusseldorf,58,48,58,10,18.0,3.8,3,0,0,0,1,0
76,Food_Bochum_2,Bochum,21,96,96,75,8.0,4.7,5,0,0,0,1,0
77,Food_Bochum_1,Bochum,5,80,80,75,12.0,3.6,2,0,0,0,1,1
77,Activity_Dortmund_3,Dortmund,27,97,97,70,0.0,4.4,1,1,0,0,1,0
77,Activity_Cologne_5,Cologne,98,23,98,75,80.0,3.7,5,1,0,0,1,0
77,Activity_Duisburg_3,Duisburg,44,69,69,25,15.0,4.7,1,1,0,0,1,0
78,Food_Essen_1,Essen,32,82,82,50,25.0,3.7,5,0,0,0,1,1
78,Activity_Dusseldorf_5,Dusseldorf,58,48,58,10,15.0,4.7,3,1,1,1,1,0
79,Food_Essen_1,Essen,32,82,82,50,25.0,3.7,3,0,0,0,1,0
79,Food_Dortmund_0,Dortmund,28,98,98,70,35.0,4.6,5,0,0,0,1,1
80,Activity_Bochum_4,Bochum,23,98,98,75,25.0,4.6,1,1,1,0,1,0
80,Food_Essen_1,Essen,32,82,82,50,25.0,3.7,1,0,0,0,1,0
80,Activity_Duisburg_3,Duisburg,44,69,69,25,15.0,4.7,4,1,0,0,1,1
